{"cameraMode":{"drawMode":0,"name":"Shaded","section":"Shading Mode"},"sceneLighting":false,"audioPlay":false,"sceneViewState":{"m_AlwaysRefresh":false,"showFog":true,"showSkybox":false,"showFlares":true,"showImageEffects":true,"showParticleSystems":true,"showVisualEffectGraphs":true,"m_FxEnabled":true},"in2DMode":false,"pivot":{"x":20.799999237060548,"y":2.5500001907348635,"z":26.8700008392334},"rotation":{"x":0.07106010615825653,"y":0.1800311952829361,"z":-0.013042598031461239,"w":0.9810112118721008},"size":0.8660253882408142,"orthographic":false}